昵称,用户名,数值,是否蓝V,是否已关注
猫神,@maoshen,89129,是,已关注
晟观世界,@MacroLens_AS,-,是,已关注
阿哈的思维笔记,@Hahatx18,-,否,已关注
Devid Raw,@devidraww,-,否,未关注
Austin,@peterpanisright,-,是,已关注
逻辑回声 | Logic Echo,@RiseOfBots,-,是,已关注
EzLee,@0xEzLee,-,是,已关注
V,@shenqi2046,-,否,未关注
三疯|Future Media,@3fenglife,-,是,已关注
币圈小混子? | RIVER | TermMax,@hzibitcoin,-,是,已关注
能量魔法师,@KaspaASI,-,是,已关注
Franway蓝鸟会,@smallpenghaha,-,否,已关注
独孤,@franknsy,-,是,已关注
emilo,@emilochen,-,是,已关注
wetzchat,@wetzchat,-,是,已关注
炖刀Simmered Edge,@yijzhu,-,是,已关注
账号出售平台｜TG老号 实名号｜推特号｜YouTube｜TikTok｜ 顶级号商｜批发,@TGXaccount666,-,是,已关注
0x小师妹,@0xshimei,-,是,已关注
陌路独行,@moluduxing,-,是,已关注
韩浩南,@xiangwangfreed,-,否,未关注
Daniel Chao,@realDanielChao,-,是,已关注
Sam Zhou,@_4Knowledge,-,是,已关注
Thomas,@Thomaskong96638,-,是,已关注
小休,@jiang_paulo,-,是,已关注
泰兴市宝奥冷弯型钢厂官方,@yewei199242,-,否,未关注
常乐,@zhizuchangle_us,-,否,未关注
林正盈,@linzhengying888,-,是,已关注
Sākiya,@fenda9600,-,是,已关注
Nyainqentanglha,@nyainqentanglha,-,否,未关注
MasterQ,@Alexander980824,-,是,已关注
火箭猴,@huojianhou,-,否,未关注
铁币阿童木,@teibiatongmu,-,是,已关注
LXSAOB,@LXSAOB,-,否,未关注
JONTY,@zjt25157435,-,否,已关注
BTC重生日,@PingHo2025,-,是,已关注
周工?Chow Gong,@chowgong985,-,是,已关注
牛岭顺势,@ab_elonx,-,是,已关注
宋锦轩,@Crypto_JXuan,-,是,已关注
Tommy T,@thytommy1978,-,否,未关注
股票海盗,@saulo_henrique9,-,是,已关注
Clutch DEXQIN,@piano69855877,-,是,已关注
八象,@bx1818,-,是,已关注
鱼虾一整碗,@KoiLiuLiu,-,是,已关注
Lei_少 BNB,@RSZB_leishao168,-,是,已关注
XIAOLUORI丶（蓝V互关版）,@XIAOLUORI_,-,是,已关注
dli,@dliinseattle,-,是,已关注
网络邻居,@tbag56789,-,是,已关注
大灰狼,@DaHuiLangAA,-,否,未关注
Edon,@Edonob3,-,是,已关注
蓝兮,@Pankaj42642621,-,是,已关注
木头墩儿,@chen__geng,-,否,未关注
Master?fenghua,@zebao888,-,否,未关注
沐长风,@muchangfeng2016,-,是,已关注
Cloud,@cloud88609368,-,是,已关注
RUOK,@KaviiiX06,-,否,未关注
Daniel,@chanzhiputao,-,否,未关注
,@isisis3333,-,否,未关注
Wulong2020_L,@wulong2020,-,是,已关注
就吃就喝…,@YYY2384920690,-,是,已关注
嘉泽（互关互fo）,@jiaze13191,-,是,已关注
加密胖东来,@zhangtingt5977,-,是,已关注
Bryant・H TermMax,@KOL66866,-,是,已关注
清源,@sourcecold_,-,是,已关注
kabuild BNB,@kabuild2025,-,是,已关注
煮海听灯,@x5ol5vFgSG30380,-,否,未关注
Bryan,@bryanwangxin,-,是,已关注
Rudy TermMax,@X_Than_,-,是,已关注
僧僧GO,@EbookPlan,-,是,已关注
wong,@haircutwong,-,是,已关注
币圈弘毅|蓝鸟会,@ethanye111,-,是,已关注
有条有理,@lurkbull,-,是,已关注
/Lavish/Stone/,@_lavish_stone,-,否,未关注
青山,@yunfeifan_x,-,是,已关注
法国互关,@yao_bu12806,-,否,未关注
中正,@Henanlaopao,-,否,未关注
洵彦,@xunyan_abrk,-,是,已关注
Raymond Lau,@Raymond00852,-,是,已关注
荒天帝,@n2CFYK6MeN81313,-,否,未关注
皓访,@howlemont,-,是,已关注
XX真粉在线邦邦团,@knowhe174163,-,否,未关注
Maverick,@PaceyMav,-,是,已关注
Einstai,@einstai2016,-,否,未关注
Chris | BYBIT,@chriscryptoBY,-,是,已关注
许文强,@Cypto_Btc,-,是,已关注
目口口口口,@mutian414,-,是,已关注
Baal,@BaaL518,-,是,已关注
南城,@nancheng0802,-,是,已关注
Jacky | 运维x投资 (Ops & Invest),@OpsxJacky,-,是,已关注
善米,@shanzhimi,-,是,已关注
Yo Jo,@pelling0823,-,是,已关注
老温,@alppdjn,-,否,未关注
钱正,@elias_neumann,-,是,已关注
Kathyer,@zskathyer,-,是,已关注
Adam,@Adam65207241,-,是,已关注
Gavinly,@Fengyi1811,-,是,已关注
煜伟,@czpxx36,-,是,已关注
Xingqiu123,@xingqiu336699,-,是,已关注
赵隐之,@elyzuim,-,是,已关注
0xMurphyf.sui,@Murphyf919,-,是,已关注
gitgogogo,@gitgogogo,-,否,未关注
ScalpWithQQ,@LiqingqingEav,-,是,未关注
vixi,@junx8205,-,否,未关注
在LA搞翻装屋的棍客,@Robin626217,-,是,已关注
qwertyuiopaaa,@Yyfw123,-,否,未关注
棒老二,@3SCngGhdgcS8ket,-,否,未关注
神S坂谷月（蓝V互关，绝不取关）,@kukmoon97,-,是,已关注
marovole,@marovole,-,是,已关注
币币皆然,@BBJieRan,-,是,已关注
桂林教中文,@jame_galvin,-,否,未关注
yanchang,@yanchang1,-,否,未关注
Darwin,@xiao53766846,-,是,已关注
?Ale?? Faaaang?,@dashaloveu,-,是,已关注
DemeteR,@Corrina101Young,-,是,已关注
广州黄谨记,@audand467,-,否,未关注
Freesia,@fangyuan2580,-,是,已关注
林军,@linjun80001,-,否,未关注
LingTing,@LingTingHH40,-,是,已关注
《  印度阿星  》B36 - 1080B - B65 - 311L - S1233,@GILLMAN1967,-,否,未关注
Tom Cao（起步互关）,@tomcaokol91,-,是,已关注
王俊杰 【厚积薄发版】TermMax | ETHGas,@wangjunjie007,-,否,已关注
鱼丸,@ywn520015980380,-,否,未关注
web3聪哥丨Bird（追踪工具）,@zc88866,-,是,已关注
王昭君,@e5ogv,-,否,未关注
CryptoBrian | 加密C&CTermMax,@candywantfly1,-,是,已关注
Tom Cao（起步互关）,@TomCao91,-,是,已关注
shengcai cai,@ShengcaiC,-,否,未关注
向阳而生 突破成长 互fo,@zhng1468662,-,否,未关注
避y垢,@hinanaka2025,-,是,已关注
zhouwenwu,@zhouwenwu1,-,否,未关注
Steven,@Steven1998199,-,否,未关注
东北御厨,@DongBeiYuZaiLXF,-,是,已关注
大大熊爱分享,@Dadaxiong2031,-,否,未关注
Yuppie,@ShellVisual,-,否,未关注
小猪天上飞 | ETHGas,@xiaozhutia43414,-,否,已关注
雯酱,@szhlhhss,-,是,已关注
波波鸟,@xw093162,-,否,未关注
Yao_,@zhazhiji__,-,是,已关注
北极流沐,@Beijilmoo,-,是,已关注
Vajra Wu | 金刚说,@VajraWu,-,是,已关注
0xJasmine 嘉敏,@0x0xjasmine,-,是,已关注
汤姆猫在行动,@hanhanhan132,-,是,已关注
Webber_π,@webberlu1969,-,是,已关注
打工人,@peng_hai41383,-,否,未关注
鸦YAYA,@anycanv,-,是,已关注
zzjcool,@zzjcoo,-,是,已关注
LG,@Lugreat8899,-,否,未关注
Dr.Russell,@R7Bep,-,是,已关注
爱吃串烧鸡柳的祖巫,@hypsius,-,是,已关注
Awil,@awil085,-,是,已关注
Immerse,@Immerse_code,-,是,已关注
阿文AWEN（蓝V互关）,@Levon_no,-,是,已关注
吉米仔,@jiking715040,-,否,未关注
Elvis,@EDworldview,-,是,已关注
Mamba｜TermMax,@bit_mamba,-,是,已关注
?加梭,@AI_TradingGPT,-,是,已关注
驻洛杉矶钵钵鸡办事处,@wolaizhaolezide,-,是,已关注
Aaron,@AaronVvng,-,是,已关注
Fred Smith,@fred_smith_wf,-,否,未关注
ki,@66gjw,-,是,已关注
Shaw,@lrianglckiang,-,是,已关注
2025,@lzpass123,-,否,未关注
秀,@qiuzhengtai1,-,否,未关注
Clutch DEXAsh,@chenhuy1268,-,是,已关注
Chris hamous,@ChrisHamous,-,是,已关注
Vector qin,@Jackie_Qin007,-,否,未关注
Mr.Jimmy | 吉米,@wiliam_zhe96278,-,是,已关注
晓鹏King,@XiaopengKing,-,是,已关注
facai579,@youzi579,-,否,未关注
Suona-KYC,@KYC556688,-,是,已关注
2Moon二木,@2MoonLin,-,是,已关注
肉兑十文,@UncleXX,-,否,未关注
fjwtdd,@fjwtdd,-,否,未关注
你说的都对。,@lxlx01111,-,是,已关注
马识途,@shitunote,-,是,已关注
lucas66,@nlucas66,-,否,未关注
Suger,@Suger30834289,-,是,已关注
伴走者,@dannychan_db,-,是,已关注
闲语君,@bestlight1,-,是,已关注
ailth,@mushengziyue,-,是,已关注
"齐乐永嘉|Moss｜|蓝鸟会|?,?",@dianfengzhizun,-,是,已关注
"0xkyor (?,?) | MemeMax| $M |  ｜TermMax",@0xkyor,-,是,已关注
SoLivemore,@SoLivemore,-,是,已关注
币圈大文,@Web3Octar,-,是,已关注
Baogan,@baogankongtou,-,是,已关注
Michael,@Nieuw_Michael,-,是,已关注
Raphael 海外国际银行盈立华通玖安证券港美股开户,@MilandaRap42647,-,否,未关注
灵汐,@lngmng137049,-,否,未关注
猫投鹰 蓝v互关(鹰哥 社区长期主义战士) |中文狗狗币牛逼BNB,@ThanksuTrump,-,是,未知
带专电子er,@College_EEer,-,是,已关注
RJ,@RJDAIGOGO,-,是,已关注
keyhole,@P3h0R,-,否,未关注
Long,@wnlng158876,-,是,已关注
Lucky老魔TermMax,@LuckyHenry168,-,是,已关注
长岛不长啊,@yanzuzu3,-,是,已关注
ZWZBNB,@ZWZNFT,-,是,已关注
电驭叛客,@Ethon1029,-,是,已关注
Yang *（蓝v互关）,@CdzsMmc,-,是,已关注
柳扶苏,@liuyiwan888,-,是,已关注
廿九,@29n,-,是,已关注
NoFOMO ・ 喷屎中登,@bakuai8,-,是,已关注
jackylin,@shishiyang,-,是,已关注
暴暴红,@Tania20121220,-,否,未关注
Bad Kid,@Nimcurrency,-,是,已关注
低卡,@GHAO1115,-,否,未关注
Solos,@SolosLee74462,-,否,未关注
Fanclee,@Fancy90902822,-,是,已关注
加密queen (拿到奖学金通行证版）,@xyjmd13,-,是,已关注
阿洛洛,@Linluoluo101,-,是,已关注
Jarvis贾维斯,@Jarvis2hang,-,是,已关注
逆袭的负翁,@snqngxi11758,-,是,已关注
lovechain.g|SENT,@Icandowhattofly,-,是,已关注
Kaylerris,@Kaylerris,-,是,已关注
"Mr.chenOwOButter$ODYI’m.ink,π2?,?,",@chenCQ423,-,是,已关注
Web3大密密,@Lucky_FLYFUTURE,-,是,已关注
疯不二 |蓝鸟会,@lling813374,-,是,已关注
小骚,@xiaosaohuoshuo,-,否,未关注
YY哥,@0xdayang,-,是,已关注
Dogeworker | 狗狗币持有者,@fictux,-,是,已关注
fushi,@0xFUSHI_CYOPY,-,是,已关注
Jimye,@Jimye1976,-,否,未关注
Charles Zhu,@CharlesZhu10496,-,否,未关注
顺顺顺啊,@HH03240823,-,否,未关注
jxr,@jxr1267176,-,否,未关注
web3 互fo互夸,@King1835280,-,否,未关注
KK,@TheKKdude,-,是,已关注
星球行走,@Xingjian87,-,是,已关注
Chandler Chen,@chandlerdchen,-,是,已关注
Galileo Telescope,@Galileocope,-,否,未关注
nihao,@gufei33094479,-,否,未关注
chen,@chen9918b,-,是,已关注
RandallStevens,@StevRann,-,是,已关注
小陈要努力存钱,@XiaochenBaofu,-,是,已关注
Kramer Jake,@33K4goIZi991261,-,否,未关注
WY,@akokoi1,-,否,已关注
Smithjohn铜匠,@smithandai,-,是,已关注
Bill,@zlkbaby,-,是,已关注
yuyudadui,@yuyudadui,-,是,已关注
Lily,@liliane0317,-,否,未关注
平平无奇的出事小天才,@Whl05190531,-,是,已关注
Alan,@Alanbigtime,-,是,已关注
凑热闹,@courenao0421,-,否,未关注
Sam Johnny,@SamJohnny868,-,否,未关注
EN,@pamfai,-,否,未关注
小明,@KDeng40528,-,否,未关注
weiyu.eth,@Weiyu320169,-,是,已关注
Carp.Cheng,@CarpCheng,-,是,已关注
八味情,@aidiaoyu123,-,否,未关注
机智的空投法师（重生版）edge,@shutu0273,-,是,已关注
wang,@wangyasin818,-,是,已关注
Vicent,@Vicent0532,-,否,未关注
偷撸的小明,@Messiahlkm,-,是,已关注
寒い,@lengmei111,-,是,已关注
Bytefolio Venture,@PzhDaman,-,是,已关注
Nigel Frank,@KV4200,-,否,未关注
MAI,@justsoai,-,是,已关注
nobody 小尘,@nobobyev,-,是,已关注
Spencer,@spencer3396,-,否,未关注
Ace,@a34b12,-,否,未关注
真武大帝（神仙保佑你）,@kinglu_vine,-,是,已关注
Nik-X,@NikMulberry,-,是,已关注
Luna lauus,@Lunalauus,-,否,未关注
HeLin家庭奶爸-数字游民,@2005Toby,-,是,已关注
隆巴- 向钱看,@xingxingli45573,-,是,已关注
Pi Network（lelemu）,@lelemu1975,-,否,未关注
摩卡星冰乐,@Franktradinglog,-,是,已关注
web3_靓仔 BNB,@BNB8888_bsc,-,是,已关注
SSSRatKing,@SSS_2049,-,否,未关注
投资美股Web3BTC,@Centralbank0,-,是,已关注
别打扰我看星星,@buchijuzi707,-,否,未关注
卡洛斯Carlos,@junxi528333,-,否,未关注
武汉辣妹,@whlamei01,-,是,已关注
碳基robot6,@kevinyao1789847,-,否,已关注
B&B,@1989CraigWen,-,是,已关注
斯凯,@woyaogaofuye,-,是,已关注
Ye110w_,@UvLBdOuYJx29343,-,是,已关注
一杯开水,@guofeidxh,-,否,未关注
zerowq,@zerowq_eth,-,否,未关注
今日胡f,@Banderhu1980,-,是,已关注
xxx许愿早退休,@fireundwasser,-,否,未关注
Hidden Cycles,@NakamotoNephew,-,是,已关注
Linhuilian,@Lin5544321,-,是,已关注
Kelly,@smine_john,-,否,未关注
Roshan,@web3next,-,是,已关注
Jing xu,@jingxu19910518,-,是,已关注
路人甲,@ylsbtl,-,是,已关注
ontowallet.bit,@hostarv,-,否,未关注
High Yield Hank,@Hank_xbt,-,是,已关注
M哥,@Bobix75845763,-,是,已关注
二狗 TermMax,@JunLin42808,-,是,已关注
mishi,@mishi553423,-,否,未关注
James,@ccnn66999,-,否,未关注
ivy,@binaryivy,-,是,已关注
Art、,@Ac_Atcr,-,是,已关注
我叫问问,@Jwei_Wo,-,是,已关注
Junky Lai,@junky66,-,是,已关注
猫神矩阵・朱九真|柳箐箐箐|,@yunruoyan,-,否,已关注
小气灬,@treenewbeeooO,-,是,已关注
DylanEdward,@DylanEd57203116,-,否,未关注
心明眼亮,@Dove998877,-,是,已关注
梦琪北京（抓龙筋 丝足 ）,@S85868094,-,是,已关注
超温柔心动,@justsosogirl,-,是,已关注
桐雨,@tongyu731939,-,否,未关注
Bob爷,@yamleon0110,-,是,已关注
一条返佣狗,@happyhaha0302,-,是,已关注
hedana2018,@hedana2018,-,否,未关注
GUANGLOVEHUA,@LOVEHUAHUAA,-,否,未关注
Jimmy-吉米,@dami59888,-,是,已关注
Livermore利弗摸耳,@MarioLivermore,-,是,已关注
老道,@hmxysddsw,-,是,已关注
大黄鱼,@yuanmingyuan200,-,是,已关注
C T,@ColinT857987,-,否,已关注
刘亦菲,@ququ9999999999,-,是,已关注
封心锁爱,@huoxingnanfire,-,否,未关注
星链,@121m99,-,是,已关注
猫神矩阵?任盈盈,@Make83721052,-,是,已关注
半x | p日,@Half_Read,-,是,已关注
半块威化饼,@KING63004611,-,否,未关注
FEI,@XiaoFei69317,-,是,已关注
塔娜莎,@kkweb1322,-,否,已关注
雨后明澈的青山,@wang_zone63651,-,是,已关注
jimmy,@realjingming,-,否,未关注
我代表党中央国务院和十四亿人民支持,@yys20208,-,是,已关注
Samuel Song,@zteshadow,-,否,未关注
Justin Ur,@JustinU61940,-,否,未关注
Overseas,@BruceCheng8529,-,是,已关注
R津成,@qETFlBbTSRyVMMH,-,否,未关注
WS Sa,@wallen97754394,-,是,已关注
小君在此,@xiaojun2026,-,是,已关注
jipeijun,@jipeijun666,-,否,未关注
Tiger9 ｜蓝V互关,@qianqian912693,-,是,已关注
凡人老沈撸毛传,@PetarWilla26569,-,否,未关注
龙子星,@longzixing9,-,否,未关注
潮汐（互fo 100%back）,@Only_hold_one,-,否,未关注
Alex_感知,@Alex_perception,-,是,已关注
沧海老张（有关必回）,@PengjianZ5710,-,是,已关注
榆梁,@superdude,-,是,已关注
VenLane |Bird,@VentLane,-,是,已关注
一念永恒,@gzzmygzzmy,-,否,未关注
mark(互fo),@markma777,-,是,已关注
Gao,@Moon091600,-,是,已关注
RongShi,@RongShi_mr,-,是,已关注
Ryan Jackson,@yfan02734,-,否,未关注
股隐归来,@gkgd_2006,-,是,已关注
飞哥,@fei65392,-,否,未关注
"WZ老胡π2(?,?)",@wzlaohu1987,-,是,已关注
小k,@web3happyloner,-,是,已关注
jingyan,@hongpanjava,-,否,未关注
Tao Chen-老陈来了,@LudvikDu,-,是,已关注
lacey,@lacey816083878,-,是,已关注
feier,@feier031,-,是,已关注
Mike Rozzi,@largeren8,-,是,已关注
Fairice,@yibingsg,-,是,已关注
dangerbest,@dangerb_st,-,是,已关注
派派干货铺,@amos070117,-,是,已关注
爱因斯坦,@aiyinsitanniu,-,是,已关注
BTC-雷叔,@yingjun928,-,否,未关注
Kricia,@KriciaF,-,否,未关注
销魂三少爷,@254863651236a,-,是,已关注
Tim August,@ChenThesea,-,是,已关注
大阳 | Dayang,@dayang0918,-,是,已关注
那一抹红,@qiaozhiigege,-,否,未关注
elephant,@cforest364,-,否,未关注
告别单身社团,@neuraqubit99813,-,是,已关注
Chao,@PChiu_TW,-,是,已关注
Web3_阿狸,@HuantingLee,-,是,已关注
楚门1984,@TwMzc3,-,是,已关注
little bro,@whobarker,-,否,未关注
海森堡_Soin,@Haisengbaobao,-,是,已关注
大道至简/～。,@dadaozhijian16,-,否,未关注
MacauCryptoYong复利先生,@Yonginmacao,-,是,已关注
币圈老农民,@AIchangeme,-,是,已关注
我看,@jimmyqi146581,-,是,已关注
Xigle,@Xigle8,-,是,已关注
zed z,@zongzhijie1,-,是,已关注
二水AI产品观,@Jmaat_,-,否,未关注
tianxinsuiyue,@tianxinsuiyue,-,是,已关注
李大虾,@lidaxia_a,-,是,已关注
Dr.MadSel,@Rickyf611,-,是,已关注
仙豆(SENZU BEAN),@sage_rabi,-,是,已关注
作手Mack10,@rangongg12358,-,是,已关注
不要再emo了,@qmsk2015,-,是,已关注
Leon,@FernetLe,-,是,已关注
Grim Tide,@GrimTide001,-,是,已关注
RoofTermMax,@MRCH78723755,-,是,已关注
隔壁老王,@fish8964,-,是,已关注
Ethan Wong【互关】,@ethanwong2077,-,是,已关注
追加企鹅,@UP59s,-,是,已关注
Dogs,@XZtx696969,-,否,未关注
随缘伫立,@jcz0727,-,否,未关注
阿绎 YiOS,@WangYiNotes,-,是,已关注
Zac Yao,@YaoZac,-,否,未关注
Mr. Water Mirror,@202467Jerry,-,是,已关注
Y-Zone,@yangzhuoart,-,是,已关注
555木瓜bnb,@555mugua,-,是,已关注
Tyler,@Tylerhe01,-,是,已关注
Leo.Chen,@imchentao,-,是,已关注
Carlos,@abc202402,-,是,已关注
Numberone,@Numbero76686172,-,否,未关注
富查理,@3s49z,-,否,未关注
DarkH | 黑色幽默,@codeEng12138,-,是,已关注
伊恩是只鸟,@ianisabird,-,否,未关注
Eggyrooch,@eggyrooch,-,是,已关注
x5yenz,@Hardcoresyenz,-,否,未关注
Galaxy,@galaxyoneseries,-,是,已关注
Francesco W,@wxk0123,-,是,已关注
伊娃河 | River of Eva,@1066ok,-,是,已关注
hayek zhou,@ZhouHayek,-,是,已关注
sellmoeking,@sellmoeking,-,是,已关注
星龄,@xnglng1429,-,是,已关注
Peter Deng,@Dunsongtao,-,是,未关注
略略,@lueluego,-,否,未关注
仙人板板,@0xegg1st,-,否,未关注
DeSaFa DeVPN,@DeSaFaDVPN,-,是,已关注
FrankBNB,@mydongo,-,是,已关注
Dewey,@zisu0o0,-,否,未关注
Gary Ultraman,@hak8111,-,否,未关注
Sand an,@rdlhych,-,否,未关注
猫神矩阵?段正淳,@0xDonotm0ve,-,否,未关注
Qing,@qbiter0,-,是,已关注
NeedSpace,@sheepmanman,-,否,未关注
顺心,@fml450651213775,-,是,已关注
Haijk,@hlun11338,-,是,已关注
诗和远方,@zxj2023,-,否,未关注
fmrib00,@fmrib00,-,是,已关注
高飞?,@dm_goofy,-,否,未关注
OSINT?毒藤 ?,@Wanna_Cry1,-,否,已关注
web3y.eth | MemeMax |SENT,@zhumeifu3,-,是,已关注
财神全球律师事务所【免费法律咨询】,@caishen006,-,是,已关注
play123,@play12341086193,-,否,未关注
王欢欢,@chngxngcho1,-,否,未关注
小银河,@lilMilkyWay4R,-,是,已关注
D.C,@KKTALKK,-,是,已关注
团团,@TuanTuan1020,-,是,已关注
大鱼,@hto2056557,-,否,未关注
Hongwei,@HongweiJFM,-,是,已关注
比特农夫（蓝V关）,@kaixuan007,-,是,已关注
夏娃的睾丸八世,@000ism,-,否,未关注
Loisirs,@loisirs31,-,是,已关注
kite9263,@kite3476,-,否,未关注
三颗土豆,@yangweiwei2025,-,否,未关注
Kevin zhou,@Hkyzho107,-,否,未关注
tiger`sLifeJourney,@Arthurh70700,-,是,已关注
Billy Ngai,@BillyNgai999,-,否,未关注
殷公子炒币要A8,@A8gongzi,-,否,未关注
陆星,@BIJLucian,-,是,已关注
wildcat,@Je_pense_d0nc_j,-,是,已关注
分享使者,@dxs1783,-,是,已关注
秋生trader,@Hoyooyoo,-,是,已关注
皮蛋Solo粥,@PDsoloZ888,-,是,已关注
Pi （互fo/）,@Pixianfeng99,-,是,已关注
Frank,@Frank30624700,-,否,未关注
凝神静气,@nsjq168,-,否,未关注
jack009,@shang_cao8530,-,否,未关注
handsome_litewong,@HLitewong48793,-,否,未关注
LeoLiang,@forleoliang,-,是,已关注
yomp123天朝五大郎,@yomp123,-,否,未关注
奈奈,@qwer89648964,-,否,未关注
Kaeose,@kaeose,-,是,已关注
junfwang,@wangjun6489,-,是,已关注
Lynn King,@BiLynnKing,-,是,已关注
爱理财的小梁,@VLiXiang5699,-,是,已关注
Duc Dung Do,@anda_19805,-,否,未关注
lh1234,@hqliu2000,-,否,未关注
阿怪,@allen_aguai,-,是,已关注
Observer,@amazinglvxw,-,是,已关注
闲云野汉,@ganluluo,-,否,未关注
id g,@idg62463702738,-,否,未关注
Ananas,@daboluo1266,-,是,已关注
,@xiozh368339,-,否,未关注
puppy love,@KaKaKaFong,-,是,已关注
brryaa,@brryaa,-,是,已关注
Coast Chan,@CoastChan,-,否,未关注
sanxing li,@LiSanxing30315,-,否,未关注
田字格,@tianzige4,-,是,已关注
月初飞影,@ytywv3,-,否,未关注
oneLove,@Classpads,-,是,已关注
mj,@kelvien_zhou,-,是,已关注
加密民工??????,@GreenAgainCN,-,是,已关注
大蓝,@CryptoDaLan,-,是,已关注
Bayxz,@Bayxz666,-,否,未关注
好舒服,@duanzhibiao2013,-,否,未关注
风生水起,@sunitsliuxf,-,否,已关注
Ray Wang,@wangray,-,是,已关注
锋峰丰｜Web3 行为艺术选手,@zwfzzl54000,-,是,已关注
佛文BTC,@BTC333ETH,-,是,已关注
和氏币,@heshiBTC,-,是,已关注
S li6,@Sli6_man,-,否,未关注
毛毛虫（互粉）,@zhi_qiqng,-,是,已关注
蚊子,@yisvin,-,否,未关注
宁寅BNB,@BitberBTC,-,是,已关注
Cindy,@CindyPT2023,-,是,已关注
Johnson malkowski,@JohnsonGao6,-,否,未关注
芙宁娜娜Furinana (王者归来版）,@satireorcry1,-,是,已关注
memory,@morememoryforus,-,是,已关注
Zavasky,@Akiered,-,是,已关注
John Smith,@JohnSmithemvq,-,是,已关注
开心就好,@Yo0PhQRhlqURoXN,-,否,未关注
Anggie Kong,@AnggieKong,-,是,已关注
老鼠,@mice_hcs,-,否,未关注
Kim |Bird,@TheKimjim,-,是,已关注
suuuuu.eth,@YSuuu,-,是,已关注
SideMan,@swaukevin,-,是,已关注
五岳道友,@leeyong125,-,否,未关注
小呆哥,@xiaodaige168,-,是,已关注
zwjπ（关注必回）,@zhangwj886,-,是,已关注
牛逼,@ElvisSs34,-,否,未关注
chenls,@chenlaoshi35,-,否,未关注
JewBiz | 犹太商业逻辑,@JewBizLogic,-,是,已关注
Clutch DEXLuke,@0xAssist,-,是,已关注
dawn,@wjh100107,-,否,未关注
X0AI,@X0AI_DOG,-,是,已关注
ShyNloc,@shynloc,-,是,已关注
ai,@XWeicao86935,-,是,已关注
是匡吖,@Anluoying2005,-,否,未关注
Iris,@iiifreespirit,-,是,已关注
玄清子,@ZiXuan68227,-,是,已关注
夜生白露,@mark43k,-,是,已关注
王克阳,@Valvrave1992,-,是,已关注
雨果,@leehugo350135,-,是,已关注
handbook,@hdhdhdb090,-,是,已关注
天行健,@TomFord35361597,-,否,未关注
Yu Wang,@YuWang722409,-,否,未关注
,@gfjjfbkdn,-,否,未关注
打不过就跑,@LeonLai43514,-,否,未关注
ds li,@dsli190031,-,否,未关注
Orange,@lln185745,-,是,已关注
币加一,@zzzjooi,-,否,未关注
George,@George219219,-,是,已关注
moying,@MoYingLZ,-,是,已关注
龙葵 SunriseDragon,@LKCweb3,-,是,已关注
Dulce Swan,@DulceSw25932914,-,否,未关注
蓝色,@Bule20170417,-,否,未关注
zitong168 | ETHGas,@zitong_yzw168,-,是,已关注
“艾米”全球高端外围资源所,@AiQiu88,-,否,未关注
Siishhbsh,@siis837,-,否,未关注
JameeL,@JamesB_yy,-,是,已关注
无边落木,@yehong21597656,-,是,已关注
Aria | 幻歌,@zhj5fb073,-,否,未关注
阿木,@Louis24795925,-,是,已关注
Air on the G,@Neltharion_,-,是,已关注
程伟｜Rhett（旅行者3号）,@Voyager_3_Rhett,-,是,已关注
Asam,@alenkoop228,-,否,未关注
灰鸽子,@hui_gezi,-,是,已关注
Nailai7981,@VIBEQUIRKLABS,-,是,已关注
安可羊,@hins__cheung,-,是,已关注
积少成多TermMax,@larusx,-,是,已关注
LunarEcho,@laomeng311,-,是,已关注
碳基饲养员,@ShrekChen133374,-,是,已关注
Bitcoin Maxi |Billy 马,@bilion1983,-,是,已关注
BENSON,@ERICYIN13779369,-,否,未关注
Kuang Tai,@TaiT4699,-,否,未关注
老叶37勇闯自媒体,@ysp2025,-,是,已关注
Butterfly,@vHiHrbL8EhuvrvP,-,否,未关注
web3福少,@zhaoxingfu11280,-,否,未关注
Crypto  Sean,@sesanran,-,是,已关注
瑞恩Ryan,@sephecn,-,是,已关注
Jackie Wang,@HiberStruts,-,是,已关注
币圈毒瘤.RGB,@CryptoTumor9527,-,是,已关注
加拉帕戈斯的星空,@galapagostarsky,-,是,已关注
sz,@szwang1286051,-,否,未关注
Billy | ETHGas,@MinimalismtoMax,-,是,已关注
LarryGilley,@LarryGilley8,-,否,未关注
大山,@realdashan,-,是,已关注
潦草文子,@Eejoylove,-,是,已关注
Jason,@cnseed1,-,否,未关注
刷子,@Oxshuazi,-,是,已关注
皮特,@Dolove6666,-,是,已关注
Dr.Xu,@drxuleilei,-,否,未关注
Super Nick,@SuperNick8733,-,是,已关注
四十五的门,@dalei1821081,-,否,未关注
w蛾浠 欲重生,@sion220903,-,是,已关注
Davidwang（互fo）,@dang_gan43199,-,否,未关注
王w\,@TuoNiFu_Ya,-,否,未关注
helloworld,@PeakPei35729,-,是,已关注
Sephiroth{V互P,@vicenttop,-,是,已关注
naraku轻语,@narakua9,-,是,已关注
OpOp,@pikabohenkeai1,-,是,已关注
biological,@davidla22845801,-,否,未关注
jiang yu （互相关注，有关必回）,@jiangyu644073,-,是,已关注
shaowei,@JWVt86etbC3MqX8,-,是,已关注
壹身武艺|手续费返佣BNB|蓝鸟会,@0xBTCceo,-,是,已关注
梅子绿茶,@BradenT91422712,-,是,未知
二师兄,@sqinghai926,-,是,已关注
财贝勒财经,@gongziliu7788,-,是,已关注
一月潮仓,@liy894269630371,-,否,未关注
陈思翰,@kylineternite,-,是,已关注
哦卖疙瘩,@qianchunliang,-,否,未关注
o默菩,@Flippingbook5,-,否,未关注
枫,@Good_luck512,-,否,已关注
kerty,@kvxunz,-,是,已关注
滚滚长江都是水,@RollingYangtze,-,是,已关注
链上故事,@bellcavar,-,是,已关注
xiaoxin tao,@XiaoxinTao_101,-,否,未关注
ChiQaQ c,@ChiBQaQ,-,是,已关注
泰德.eth,@Ted55668,-,是,已关注
Lucindy,@Lucindy25414714,-,否,未关注
Vibe Trader,@VibeTraderX,-,是,已关注
王洪文（His excellency Hongwen WANG),@VC_Wanghongwen,-,是,已关注
bella-xiang,@jessym581964181,-,否,未关注
Chalmer,@chenjian3757,-,是,已关注
柒仔TermMax,@chenzai52471723,-,是,已关注
大老师爱跑步,@1KeTWLp2xNY1oDU,-,是,已关注
pangho,@idtv999,-,是,已关注
龙神-Dragon God,@phill76815,-,是,已关注
八级大狂风,@SunDoge_,-,是,已关注
?enni,@bnchen,-,是,已关注
东极岛青年,@Vincentchen0816,-,是,已关注
夏虫,@hudiaonao,-,否,未关注
智算爱德华「必回关」起号中,@T60RANTAO,-,是,已关注
悦悦-相信美好即将发生,@yy5209999,-,是,已关注
lincalee.sol,@lincalee5261,-,是,已关注
Always Climbing,@firlenza,-,是,已关注
声色全码,@vinaElPison,-,否,未关注
jrf678,@jrf678,-,否,未关注
区块链kk320,@paulcsg1,-,是,已关注
David Hang,@kappy_bara88,-,否,未关注
Guoqing Zhu,@GuoqingZhu7,-,否,未关注
李素妍,@chinamsr,-,是,已关注
MarkR克 ??????,@BTCMarkSu,-,是,已关注
豆芽菜,@hollythebestie,-,是,已关注
ca me ea,@ea_ca64523,-,是,已关注
Flynn,@52huanke,-,否,未关注
shenmmie,@shenmirenjoker,-,是,已关注
世外高人- Pensador,@shiwaigaoren007,-,是,已关注
Dynamics_01,@harden_369741,-,是,已关注
Morvain,@turbulent0318,-,是,已关注
欧锤锤 | 全领域博弈交易员 (Crypto/港美股/NBA/CS2),@bithammer88,-,是,已关注
0x？,@yuanyongfeng,-,否,未关注
Hannah Johnson,@HannahJohn97868,-,否,未关注
遇事拘谨,@rayguo001,-,是,已关注
链上邮差,@postman818,-,是,已关注
MIChael,@mik57085069,-,否,未关注
不会炒币的小鱼互粉中,@Xiao15937E,-,是,已关注
tomy_,@tomy_tm1,-,是,已关注
lawwaikwan,@lawwaikwan1991,-,否,未关注
Speedy K,@JASMiyaaa,-,否,未关注
hsjs,@hsjs583010,-,否,未关注
Ggbond,@hxm1996,-,是,已关注
kiki,@bin_li38856,-,否,未关注
嘟嘟噜噜～,@FeibaoJ74071,-,是,已关注
Keith,@KeithKNFang,-,否,未关注
端木持恒,@tebvace92268,-,否,未关注
Luke,@Luke_xx996,-,否,未关注
李敬桥,@tunxinlieeff,-,是,已关注
行者Sentinel,@johnzhou123,-,是,已关注
小梁 | XiaoLiangHHY,@XiaoLieng_175,-,是,已关注
Anta Januardi PAL||Tabi |∞ TΛNSSI,@JanuardiAnta,-,否,未关注
galencw,@zuta1986,-,是,已关注
SpecTral_FOX,@SpecTraL_F0X,-,否,未关注
Wangrui,@Wangrui3721,-,否,未关注
叫妈没用,@wjNJWfojdE7746,-,否,未关注
NineOld | InterLink Ambassador,@WIQdSpbWIV79023,-,是,已关注
上林先锋3.0,@PamStratmanSh,-,是,已关注
unit-e,@Piunit_e,-,是,已关注
luka,@adasd57853,-,否,未关注
Tbag | plurgo.eth,@Tbag00537538,-,是,已关注
????,@ZYER55,-,是,未关注
铃木芽吹,@marg51394,-,是,已关注
Coco,@CocoPrettyN,-,否,未关注
空谷足音,@kong_gu7977,-,否,未关注
权,@Crypto_Aquan,-,是,已关注
My password only three numbers,@nasdaqyes,-,是,已关注
加密老万mememax,@zhj125754751,-,是,已关注
共勉之,@Williamchen0520,-,是,已关注
MMIMMDEE -PENGFEI-CHOU,@MMIMMDEEZPFF,-,是,已关注
长沙夜生活指南｜0731真空游戏场・老乐,@ChangshaGroup,-,是,已关注
walkerfeng,@walkerfeng1991,-,否,未关注
Dan,@Danqoc,-,是,已关注
KevinYang,@kevinyangback,-,是,已关注
刃,@rD7kMqgevE4ydxz,-,否,未关注
??????????a ?????? ???????????(??????????????),@elisha_yehudah,-,否,未关注
闹得欢快,@3356089528a,-,是,已关注
Andy,@ToolByAndy,-,是,已关注
BigTomato001,@BTomato001,-,否,未关注
颜克权,@yantanzhang,-,是,已关注
Ace,@Jy9606112623504,-,是,已关注
佩索阿,@Jew5678,-,是,已关注
Andy麟居,@AndyQin66,-,是,已关注
石正l铭いしまさい めい王君,@shanben56beyond,-,否,未关注
王大龙 Big Dragon,@wangdal15629362,-,是,已关注
Sawadi,@AlsawadiDxb,-,否,未关注
ni ce,@nice867141233,-,否,未关注
认清世界,@JerryMai11,-,否,未关注
吃瓜群众,@le___spectateur,-,否,未关注
Blast,@Leilei66699,-,否,未关注
中华奴隶共和国,@BoCu888888,-,否,未关注
AI奶爸,@zstmfhy,-,是,已关注
Michael,@halfwayinvest,-,是,已关注
Alexander_J,@WhelmactK,-,否,未关注
Haruka Mizuki,@MaJustin47884,-,是,已关注
工匠,@ianzo0,-,是,已关注
BeyonDream,@BeyonDreamXYZ,-,是,已关注
Nobody,@zzxy789,-,是,已关注
QuantMind.ai,@QuantMind_AI,-,是,已关注
DavidBNB,@BitDavidA8,-,是,已关注
YC的闲逛日常,@yychangout,-,否,已关注
Perry's Club,@Perry77133429,-,否,未关注
suzhe,@suzhe001,-,是,已关注
arthUwUr,@arthur9764,-,是,已关注
yer ok,@mao66y,-,是,已关注
"牛奶""RIVER""",@wangdaleng,-,是,已关注
阿风在学习,@trx8899,-,否,未关注
CCav,@CCavLiu,-,否,未关注
韭菜爱撸毛 MemeMax,@zhu07222,-,是,已关注
WTF Animals,@XWtfAnimals,-,是,已关注
江r代,@EdoTime,-,是,已关注
芮越,@xinyiruiyu777,-,否,未关注
浙江第一老实人,@yumo19870813,-,是,已关注
尸浮真爱钱善忽悠忍不住,@zhufo19571201,-,是,已关注
JY狗狗币,@dogewlfi,-,是,已关注
Jason T,@Wayun147258,-,否,未关注
VLong Men,@onsix9,-,否,未关注
币圈连长,@Dachengzi0509,-,是,已关注
Mike・Long,@MikeLong404,-,是,已关注
BINQU,@BINQU9,-,否,未关注
哥尼流,@nikehunike,-,是,已关注
AZ19.BTC（互关）,@zgbjmy2008,-,是,已关注
不想装,@hw_uak73747,-,否,未关注
哀嚎遍野,@sqqsqq4747,-,否,未关注
0x余音,@aussieissua,-,是,已关注
小阿帅,@nicheng0kai,-,否,未关注
Carmelo.liu,@Carmeloliuup,-,是,已关注
北美自由之声,@VOTFW,-,是,已关注
brc2.0,@936eth,-,是,已关注
冥王星的雪（撸毛版）,@plutosnow1,-,是,已关注
我是流萤老师（互关）,@sa91876,-,是,已关注
小Y,@TabTop0316,-,是,已关注
辽宁五月加密社区（蓝V互关）,@Wuyue6319,-,是,已关注
加密小白,@zmni260,-,是,已关注
Dehao,@xuejoker168,-,是,已关注
Metamental | 方外之域,@gKRaDZRjHS91553,-,是,已关注
CoffeCat,@liutao34239511,-,是,已关注
HeelsDiary,@RedSoleMuse,-,是,已关注
williamhill.bit,@BTCLULU,-,是,已关注
NathanLiu | Moss | π2,@Lyanzhao,-,是,已关注
YUAN,@yuan1147901,-,是,已关注
AI Flash Insights (AI闪讯),@DailyAIFlash,-,是,未关注
Karl,@PVGNYC,-,否,未关注
hongmeng kuo,@HongmengKuo,-,否,未关注
KK,@q99688,-,否,未关注
俊俊,@wujunjun1988814,-,否,未关注
禾口大虫,@chngh334535,-,否,未关注
bbshare,@shadouyoua,-,是,已关注
无忌,@ying_zhang24888,-,否,未关注
LunaTeng,@LuneTeng,-,是,已关注
赤发 ?( ? )?,@hey_akie,-,是,已关注
Web3全职奶爸,@Crypto_Naiba,-,是,已关注
lamoqu,@lamoqu,-,是,已关注
小楼东风,@imyyq00,-,是,已关注
qps,@wangcheng_BTC,-,是,已关注
eeyhp,@eeyhp7852,-,否,未关注
2983隔壁老王头#BAYC,@2983bayc,-,是,已关注
JINPING DIARY ?? 辱包每一天,@jinpingdiary,-,否,未关注
shaoqing wong,@shaoqing_wong,-,否,未关注
Ann,@Ann22209384Ann,-,是,已关注
Meet,@Meetboof,-,是,已关注
Trader Joe Bird,@Joejoeinx,-,是,已关注
Ardon,@xieardon,-,是,已关注
yager.me,@yager_me,-,否,未关注
Mars Walker,@742588830Gaojie,-,是,已关注
fishman,@jeffersonwuden,-,否,未关注
ZhaoAn,@ZhaoAn_JL,-,是,已关注
cheng,@cheng4180356701,-,否,未关注
leisean,@jionghuizhang,-,是,已关注
Fansgurus｜刷粉涨粉平台,@hhy1553595,-,是,已关注
ゆなぴょん - ぴょん,@lchnjing228584,-,是,已关注
Luna_iiii,@gaolululu160003,-,是,已关注
小樱,@Sakura_125809,-,是,已关注
安小乐,@Ur3CSl5o1LP7xu7,-,是,已关注
阿川,@AC66366,-,是,已关注
大米粉,@damifeng2,-,否,未关注
{眼睛,@AICaoJian,-,是,已关注
Neflibata,@Neflibata222732,-,否,未关注
xuukei,@xuukei,-,否,未关注
我问问,@yNGhpUlzk16Z0Ca,-,否,未关注
唐Jesse,@Ludwigtang,-,是,已关注
York PA,@donald19890,-,否,未关注
陈永国,@chenyongguo4,-,否,未关注
笨笨Ben的春天,@printemps_ben,-,否,未关注
LogiErr,@LogiErr,-,是,已关注
植植u,@cngg261,-,否,未关注
Svrf,@svrfspark,-,是,已关注
永安行,@lwq103613,-,否,未关注
fanmask,@fanmask2,-,否,未关注
蛮牛哥哥是个正经人,@manniugegege1,-,是,已关注
Dr. Moyu 摸鱼局长,@Jason23818126,-,是,已关注
AITO,@AITO_DEX,-,是,已关注
一只蝴蝶,@YiZhudie,-,是,已关注
欧阳达,@daouyang5,-,否,未关注
张志豪,@zzhcrush,-,是,已关注
ChengSir404,@Joker_1089,-,是,已关注
Johnson Davis,@zhangda168,-,否,未关注
Sunny,@180_sunny,-,是,已关注
细腻同学,@Mihimarugt513,-,否,未关注
谙P,@runanbuyi666,-,否,未关注
Coin凌X SENT,@yollysalazarrr,-,是,已关注
大强子,@Daqiangshushu,-,是,已关注
那个曾经的AI少女回来了,@aehyok,-,是,已关注
光头吴@Wutaigo,@Wutaigo,-,是,已关注
Chuck Han,@ChuckHan8,-,否,未关注
zyc | RIVER,@zyc9431,-,是,已关注
yuhong sshi,@SshiYuhong16943,-,否,未关注
大山 DaShan PAW （PAWChain 中文社区）（空投$PAW ）,@2008456abc,-,否,未关注
lomoy,@lomoy2025,-,是,已关注
面子果实 Red Hair,@hzyyqysysai,-,否,未关注
Fate,@fatetmz,-,是,已关注
"miauto.eth (,)",@1beandaddy,-,是,已关注
Alice Chen,@AliceC3161,-,是,已关注
lanust,@lanust1,-,否,未关注
美股局内人,@meirigaoqian,-,否,未关注
cccxxx2010,@cccxxx2010,-,否,未关注
美人先看腿,@007abcdefghigk,-,否,未关注
User3008099,@user3008099,-,否,未关注
wenbiai,@Wenbiao_520,-,否,未关注
唐一,@Makkiiil,-,是,已关注
Answerlimz,@answerlimz,-,是,已关注
techno6t3,@techno6t3,-,是,已关注
Bill.H,@ligbill,-,否,未关注
Reatha Garafola,@RGarafola40546,-,否,未关注
胡子哥 at VN,@Yangandwu,-,是,已关注
Mak1rOnTheTrack_,@PGOne60668,-,是,已关注
brozi,@zhngyxn54125808,-,否,未关注
102.btc,@102BTC,-,是,已关注
梁山,@liangshan13a,-,否,未关注
康亭长,@KangY71440,-,是,已关注
Lucky,@uaYiTWdDkW27044,-,是,已关注
小明老师,@XMTX8666,-,是,已关注
真の海,@haihun808,-,是,已关注
猫哥,@yuanyi896316,-,是,已关注
汇交易,@gemmemecoin,-,否,未关注
CNEX |RWAFi,@CNEXRWAFI,-,是,已关注
justai,@my189,-,是,已关注
blue,@blue945761,-,否,未关注
Moelin墨 凌,@Moelin_Moe,-,是,已关注
月老办事处,@YLZX888,-,是,已关注
忙着可爱,@w838yong181,-,否,未关注
潘,@pan526526,-,是,已关注
李广智_Ethan,@Guangzhi888,-,是,已关注
投行圈子,@KKangins,-,是,已关注
纤维化老韭菜,@laojiucai228,-,是,已关注
欧易解封币安解封司法冻结火币解封,@OKXkeji,-,是,已关注
三狗,@cryptosangou,-,是,已关注
莫晓嘉,@moxiaojia2,-,否,未关注
jimerrors,@JMkernt,-,是,已关注
Liu No5,@DannyLiu757,-,是,已关注
老陶｜SMT 20年老兵・AI出海,@leontao2082,-,是,已关注
Wish Today.CC,@senyiCS,-,是,已关注
ased2024,@hongyong353201,-,否,未关注
策略掌门人  BNB,@BTC_strategy,-,是,已关注
jack,@jack1983he,-,是,已关注
一起Web3,@yiqiwebx,-,是,已关注
Moth,@MothCake123,-,否,未关注
胖墩(聋哑人),@zdan752,-,否,未关注
范磊Lex,@fanleiLex,-,是,已关注
潜水鱼,@YuYukong595,-,否,已关注
jack,@jkjk19811,-,是,已关注
lsave,@lsave86,-,否,未关注
Lord Bean,@lifeisameeme,-,是,已关注
Teresa| RIVER（互关版）,@TeresaMendoza20,-,是,已关注
隔壁老李,@Juke02029863,-,否,未关注
superman,@goodman0876,-,是,已关注
enlighs,@enlighss,-,是,已关注
Haven,@BatchellorHaven,-,是,已关注
FatParrot,@fatparrotdaily,-,是,已关注
,@rich2509lbl,-,否,未关注
小树,@ruofeng66,-,否,未关注
M.s,@2007UT,-,否,未关注
LIN_AIGC,@LIN_AIGC,-,是,已关注
s_popova,@autorambler_ru,-,是,已关注
OrcaYao,@OrcaYao,-,是,已关注
edgar yu,@edgaryu7,-,是,已关注
ytCHANyt,@nyt_yt,-,否,未关注
行者,@liuguihua518528,-,否,未关注
Josh From CQ,@tesla_cn,-,是,已关注
不被系统养的人,@lito632676,-,是,已关注
启航,@weiyi6688,-,否,未关注
CryptoHong,@btceth1818,-,是,已关注
hmsky,@hm9574,-,否,未关注
猫神矩阵?田伯光,@William35110976,-,是,已关注
skullknight,@kingmitqueen,-,是,已关注
jack,@Sunxming,-,是,已关注
Trader峰仔的投资笔记,@sunkist1688,-,是,已关注
GrumpyAndFoxy,@GrumpyAndFoxy,-,否,未关注
Burton（互关互fo,@BurtonZong49875,-,是,已关注
Wanderlust-z,@aocvke,-,是,已关注
老李说台湾｜反支黑,@laolishuo,-,是,已关注
Fanyi,@HYF98334204,-,是,已关注
橘柚,@Juyou0x,-,是,已关注
wang fu,@WangFu3839,-,是,已关注
Zi Feng,@ZiFeng27624012,-,是,已关注
GuYeLantern_古夜书灯,@GuYeLantern,-,是,已关注
风子,@FengZi_Flow,-,是,已关注
a buy,@zhngwi088,-,否,未关注
李嘉图,@ljit185732,-,是,已关注
一条胖头鱼,@bee06116,-,是,已关注
王发财,@FACai81410,-,否,未关注
迷禄,@shuaixin63,-,是,已关注
Z.J Qu,@alicecanwe,-,否,已关注
梦想走世界,@GSpalding7,-,否,未关注
bakayaro,@yangkongloong,-,是,已关注
王百万,@wngbingo,-,是,已关注
Davesun,@DaveTao007,-,否,未关注
Phoenix | AlphaX Bird,@Phoenix_AlphaX,-,是,已关注
涟漪us,@stone1138,-,否,未关注
北雁南归,@ji40813,-,是,已关注
Dylan,@Dylanaivee,-,是,已关注
Kelvin,@virtualkelvin,-,是,已关注
七度空间,@i_Sevenner,-,否,已关注
小M说媒,@XMSM888,-,否,已关注
Owltra VPN,@owltraVPN,-,否,未关注
UziWang,@UziWang,-,是,已关注
人不响天晓得,@Saaaam2024,-,是,已关注
十五,@niushiji,-,否,未关注
观思者,@mitking,-,是,已关注
EthanZhou在美国,@EthanZhouMacao,-,是,已关注
一直富贵儿TermMax,@isFuigui,-,是,已关注
liang xu,@jingsihouse,-,是,已关注
南宫,@yuhailau,-,否,未关注
BLOX,@BLOXSUMMIT,-,是,已关注
静水深流,@YUECAN1348289,-,是,已关注
Mr.Candy.AI,@ruiapp,-,是,已关注
大圣灵,@DSL2140,-,是,已关注
Joey 瑜登 | AI出海,@JoeyYUDENG,-,是,已关注
币圈那些事,@web3xk,-,是,已关注
混沌星辰_ Chaos Alpha,@Ananas_Saft1,-,是,已关注
像素小猫,@pxkitten,-,是,已关注
A姐分享,@Ajiefenxiang,-,是,已关注
Eileen_Xie,@eileen_XL,-,是,已关注
F血窃酱呵(百越脱支立活幼柿峡),@yueliyuedu,-,否,未关注
Liberating Cantonia,@LiberatingCant1,-,是,已关注
微空啤酒馆・Feng GU,@FengGU9,-,是,已关注
一本缠,@chanluntime,-,是,已关注
凹凸（fandia） | BNB | 蓝v互关,@jiacun1,-,是,已关注
清心不寡欲,@finch010101,-,是,已关注
lucky哥（有关必回）,@ghghdfrdf,-,是,已关注
白鸽子,@HHHlamer,-,否,未关注
Yang-杨,@hoyangxu,-,否,未关注
Sheldon Sim,@Sheldon_Sim,-,否,未关注
Old Man,@OldMan79300,-,否,未关注
锦鲤,@boyeye567,-,是,已关注
ilosic,@ilosic_czw,-,是,已关注
bike-queen,@hello2wealth,-,是,已关注
PeoPle Hero,@hero88996,-,是,已关注
不万能的花艺师（有关必回 互关）,@Leoleo170,-,是,已关注
Vincent Ma,@vigo1104,-,否,未关注
初度,@yunzhen1314,-,否,未关注
Snow AI,@ixuehua,-,是,已关注
莓事哒,@MEISHIDA2,-,是,已关注
Uncle Chris,@realpzc,-,是,已关注
下一次看不到的人,@love365ai,-,是,已关注
fzhang,@fzhang5,-,是,已关注
coco,@cocosamococo,-,是,已关注
??. ALLIN ??.,@benzhou327,-,是,已关注
静哥.btc,@biquanaishen,-,是,已关注
Binance.musk,@btc_dalei,-,否,未关注
高效掘金社 RIVER TermMax,@lvli6933,-,是,已关注
Azenc,@Azenccc,-,是,已关注
Walle9527 |  TermMax | Zetarium,@walle9394,-,是,已关注
willsonlee,@willsonlee,-,是,已关注
一介布衣,@yijiebuyi4,-,否,未关注
韭菜的投资之路,@dyzerian,-,否,未关注
长夏,@LiYan169,-,是,已关注
加密星星,@jiamixingxing,-,是,已关注
ICM老阳,@icmlaoyang,-,是,已关注
joseph,@xiaoshutong1,-,是,已关注
马逍遥KOKO?巨星少爷,@HotStarKOKO,-,是,已关注
RayChi,@qlsnowdance,-,否,未关注
赚钱买大G,@Special06640379,-,是,已关注
Ai菲姐,@Yefeifei1114,-,是,已关注
DK（互关）,@DK19730,-,是,已关注
加密社 |,@JMLLS888,-,是,已关注
暴发户辽北第一狠人,@baofahu1988,-,是,已关注
Crypto_悟空,@web3wuk,-,是,已关注
搞笑灵魂的社畜,@A8h1n,-,是,已关注
Qingege,@Qgg1688,-,是,已关注
睢Benson,@Y777Benson,-,否,未关注
Plum,@A_starv,-,是,已关注
唐僧财经宏^,@gffhwz2023dde,-,否,未关注
Globe (球哥),@KelvinWan8,-,是,已关注
吱恩郑,@ZYY_ST,-,否,未关注
Signal Only,@Park297908,-,是,已关注
Louis,@louis46002525,-,是,已关注
哆啦AI梦-蓝v关必回,@188sunhold,-,是,已关注
Charles Chu,@zzcCharles,-,是,已关注
akg,@akg166876,-,否,未关注
Yang (蓝V互关),@sommer_1944,-,是,已关注
佛系人生・Luffy,@AcNCUIIJqi57964,-,否,未关注
Cigar King,@Jwu75506372644,-,否,未关注
paddy13,@padns33,-,是,已关注
Nate,@nateethan262,-,否,未关注
yang,@baiyangyou,-,是,已关注
Zane,@MagicQM,-,是,已关注
小扒菜,@MOLOLON,-,是,已关注
George Cooper,@GeorgeC53494500,-,否,未关注
七音,@wuxin88628452,-,否,未关注
jojo,@ershi4920,-,是,已关注
摄影,@ydos777,-,是,已关注
MindLab,@zrgood0211,-,是,已关注
Walter,@Walter98606853,-,否,未关注
青龙河,@1YUVTZf5fYyCV2L,-,否,未关注
??Oの芸?,@Kizuna_no_Gei,-,否,未关注
菲尼克斯,@xisuo5,-,是,已关注
0xQing.,@Su7BTC,-,是,已关注
Bok Capital,@TRUMPHAIRH,-,是,已关注
皮克文,@Stark1Wen,-,是,已关注
麓山寺,@5wGWkcnxhDIKmWm,-,否,未关注
非主流派观点,@mubadao1,-,否,未关注
Leoxin,@AIStockleo,-,是,已关注
Nihenkeai,@yngqun156421,-,否,未关注
zhongyuechun,@wanglinchun,-,否,未关注
Jamie,@CWong52671,-,否,未关注
Peng,@pengyue,-,是,已关注
Jack Black,@JB87268,-,是,已关注
book or technique,@liu360567,-,是,已关注
互关互粉,@btceth1188,-,否,未关注
AIWorld(互关）,@okaiworld,-,是,已关注
光明播报,@mss8964,-,是,已关注
C L,@charlietian,-,是,已关注
binancetoo,@chenouou001,-,否,未关注
青年大学习,@vincentwan82354,-,否,未关注
大表哥,@chenouou002,-,否,未关注
比德,@bideBTC,-,否,未关注
Mia,@fyng2981011,-,是,已关注
web3kk,@web3kikk,-,是,已关注
海角社区,@haijiaoluntan,-,是,已关注
纵横币圈,@chenouou003,-,否,未关注
艺景 |SENT,@ErLr05,-,是,已关注
SectoJoy,@sectojoy,-,是,已关注
奶龙弟弟.NaiLong（互关）（follow back）,@DarkLin68988814,-,是,已关注
Jack,@XiaomingLiCan,-,否,未关注
天赐小师妹,@tiancibaby777,-,否,未关注
ONE成壹,@zcy314,-,是,已关注
Crypto火火哥,@huoHuo19111992,-,是,已关注
Alex Wu,@0xAlexWu,-,是,已关注
Jimye,@Jimye395725,-,是,已关注
X醒後我咩都唔做，只SＸ上理,@ddddhhhh8888,-,是,已关注
Mr.S3XY | Erebus Builder,@ssuunnyy,-,是,已关注
Devin的撸毛之旅 | ETHGas,@Devin5886357154,-,是,已关注
荷包蛋,@XJO074,-,是,已关注
bobby,@pacermafia97,-,否,未关注
加密圈cc,@BTC4931,-,是,已关注
dadaha,@dadaha0414,-,是,已关注
Holy,@laojihui,-,是,已关注
沉默的倔驴,@xiaofenfa999,-,是,已关注
Crypto World,@Dogecoin_Hold,-,是,已关注
西门庆来了,@chenouou004,-,否,未关注
humanistyone,@crypbil,-,是,已关注
sandyue,@sandyue,-,是,已关注
以太坊达人,@chenouou005,-,否,未关注
Weiyi2023,@Weiyi20231963,-,否,未关注
Michael Lu,@MichaelLu9527,-,是,已关注
就那么回事,@jiangshuyang110,-,是,已关注
大雄的觉醒翻身之路,@BTC_awen,-,是,已关注
IQ star,@UhVM2YM4mR80240,-,是,已关注
zhengxunjun1,@zhengxunjun1,-,否,未关注
Ego Jinpachi,@william81690924,-,是,已关注
知夏,@QJSM888,-,是,已关注
宇宙里的智慧,@tytyjnm163134,-,否,未关注
GregDing,@ding_greg,-,否,未关注
Jinhao Pan,@JackPan1024,-,是,已关注
迎难而上,@forevhappy,-,否,未关注
shuai ge,@ge_shuai53362,-,否,未关注
dliphotos,@dliphotos,-,是,已关注
这次不一样,@ThisTimeNotSame,-,是,已关注
Kevin_Z,@0xMaxiOracle,-,是,已关注
Bill Z,@qqdy_bill,-,是,已关注
jet,@fushun17,-,是,已关注
安西教练,@AnXiBTC,-,是,已关注
Starry,@Starryxbtc,-,是,已关注
Jimmy Lee,@Milee2266,-,否,未关注
拜伦,@BaronYaji,-,是,已关注
Honlewandowski,@HonLewandowski,-,是,已关注
大鹅,@dehot110,-,是,已关注
Tbstyle,@Tbstyleld,-,是,已关注
\者明！秀 `魂 定有 正x感！ 年p人 要出^天！,@Ac35Gm,-,否,未关注
SeaGuardian,@ykmotomoto,-,否,未关注
K.Y,@yasuhirol8686,-,是,已关注
半生未晚的旧书签,@OldBookmark6,-,是,已关注
老金,@freeman_app,-,是,已关注
D,@R20219988,-,否,未关注
Mark chuan,@Markchuanig19,-,否,未关注
PandaCigar,@PandaCigar,-,是,已关注
欧阳京,@JingOuyang6,-,是,已关注
不惑X,@jaylenng0788,-,是,已关注
GrowthInMotion | AIGC Creator,@enzoflow0523,-,是,已关注
0459.BNB,@0459BNB,-,是,已关注
Coinrich 美股vip聚合社区,@coinrich1000btc,-,是,已关注
YaDang,@badaju5,-,是,已关注
冒泡。TermMax,@AlkanzyMys6,-,是,已关注
Musk,@wenbin115168233,-,否,未关注
Merlyn Oliver,@merlyn959,-,是,已关注
推特精品搜集,@kan_pian,-,是,已关注
Clutch DEX  Violet,@Violet007_007,-,是,已关注
白山头,@synpixai,-,是,已关注
Sea Ding,@SEADing3188,-,否,未关注
繁花嗅,@fanhuaxiu,-,是,已关注
ZPASSER,@Justinhk1208,-,是,已关注
春风化雨,@sexyartsh,-,否,未关注
慢步,@SteadyForward08,-,是,已关注
Leon,@Leon58467130454,-,是,已关注
比特魔法师-蓝V互关,@BiTeMuFaShi,-,是,已关注
加勒密船长,@AkarinCrypto,-,是,已关注
资深老丝,@laosieth,-,是,已关注
行情预测分析员 | Alic,@AlicPhillips,-,是,已关注
TMGM_Peter 资深顾问经理｜蓝V互关互助,@a0933447108,-,是,已关注
Wenwin,@zjb100888,-,是,已关注
李小年 | Arbix,@ArbixLee,-,是,已关注
捡到一只月亮,@haife123,-,是,已关注
bruce,@bruce578072,-,是,已关注
兜兜,@CoderDevin,-,是,已关注
自然卷不卷,@Natural_Curl_L,-,否,未关注
六爻哥,@aamobh_2017,-,是,已关注
Trader M | 美股实盘,@mgtlz2025,-,是,已关注
小嘤嘤,@lnhu269797,-,是,已关注
SK鹏于晏,@goldenroc_peng,-,是,已关注
杰森|启蒙大师,@qwBY3G40bv61107,-,是,已关注
李林,@CookShaw1526,-,否,未关注
scy,@yyscycy,-,是,已关注
check520,@WinDrunken,-,是,已关注
势,@liuyi1428,-,是,已关注
小飞侠,@wngfi213181,-,是,已关注
一心宝贝,@a1261a,-,是,已关注
x霖,@Y6M3YduSFH26363,-,否,未关注
Jared Wiley,@JJSW99,-,是,已关注
财神宝宝,@lyz198,-,否,未关注
millionairelin,@linxinsnakeone,-,是,已关注
Meyee 【互关/有关必回】,@Blissyee,-,是,已关注
$Knight ?? KRC-20 (Don Quixote),@greenKnight_kas,-,是,已关注
0xhigh,@legalhigh19,-,是,已关注
Felix飞总｜Tech Investor,@Investor_Yang,-,是,已关注
yin3gu,@yin3gu,-,否,未关注
Jonathan,@jonatung1984,-,是,已关注
C21_,@C21_Odyssey,-,是,已关注
Web3Veteran,@Web3Veteran1,-,是,已关注
Uncle Johnny,@uncleJohnny,-,是,已关注
ranran（fo）,@ranranyk,-,是,已关注
navi,@navi___eth,-,是,已关注
Andrew Lee,@Anderson6668888,-,否,未关注
Alis（互fo）,@mshaai218,-,否,未关注
shown（互关版）,@shown_goo,-,是,已关注
wy,@shenxian329,-,是,已关注
花棉.eth,@0xhmian,-,是,已关注
马上关,@panbai7777,-,是,已关注
GuMeny,@MenyGu,-,是,已关注
Clutch DEXbobo,@AndyandPepe,-,是,已关注
Aurielle,@aurielle927,-,是,已关注
巴菲猜,@bafeicai,-,是,已关注
aitaostore,@chny244839901,-,是,已关注
阿君AI实战笔记,@jimg48218,-,是,已关注
丫丫@Web3 World,@rose38431054,-,是,已关注
雷金BNB,@aajj6668,-,是,已关注
朱老师区块链3000问（互关）,@peterzhu6252,-,是,已关注
HatTrendPoll,@HatTrendPoll,-,否,未关注
Endlesszhou,@Endlesszhou,-,是,已关注
猫猫麻麻,@1wIrQMPxP146174,-,否,未关注
Gaffee（互P版）,@GaffeeLi,-,否,未关注
币百通｜Bitkoi,@ftxbtc800,-,是,已关注
阿勇｜魔灯先森,@ModengSir,-,否,未关注
玩具公司,@thetsss,-,是,已关注
程序员超哥的创业日记,@will1990hou,-,否,未关注
Web3探宝,@Web3_Treasure,-,是,已关注
小鱼学姐,@moyu1818,-,是,已关注
Rebecca,@ljdream0710,-,是,已关注
Sterling,@Sterling7003,-,是,已关注
IUDDBNB,@IUDD222,-,是,已关注
龙之战(互关),@talentRabbits,-,是,已关注
Mauricio,@maufornos,-,否,未关注
BTC白牛,@BTC6w,-,是,已关注
Vivienne（互相关注，期待与你相识）,@saofuliujia,-,是,已关注
Alsan,@biubiuuiduid,-,是,已关注
白鹭（蓝 v 互关）,@lanhai02501235,-,是,已关注
哈里Hah ( 互关版 ),@ansin_eth,-,是,已关注
日常イラスト＋α,@IllustDaily,-,否,未关注
搬u工,@mengdi20,-,是,已关注
CDrama Buzz,@tia91450,-,是,已关注
?过客?,@szguoke,-,否,未关注
好圆.Web3（互关互fo版）,@Sokenm2,-,是,已关注
INJ Pass,@INJ_Pass,-,是,已关注
比特币起飞（互相关注）,@worldaauu,-,是,已关注
暗亮Leon,@leonchen8848,-,是,已关注
Nooscope,@baiyinvw,-,是,已关注
judy_317,@xiongxi49576002,-,是,已关注
Stella| TermMax,@Stellakjbk,-,是,已关注
赛博慢炖 | Cyber Stew,@BanLiang_Cyber,-,否,未关注
寰储协议（华语社区）,@DJi88886878,-,否,未关注
kevien motherkevien,@motherkevi13330,-,否,未关注
Salmon Bro ｜鲑鱼哥,@jerrycryptodrop,-,是,已关注
CryptoMania,@aichangge,-,是,已关注
"LFGFaybase.eth(?,?)TRIVER",@LFGFay,-,是,已关注
大橘不重,@Gingercat6688,-,是,已关注
julien_akg,@Julien_akg,-,是,已关注
linyishan,@lin_yishan,-,是,已关注
元・创,@Ox8c8,-,是,已关注
辣椒,@pepperforblock,-,是,已关注
NinGoo,@NinGoo,-,是,已关注
撸毛小企鹅（互fo）,@Kylian71270,-,否,未关注
jhayybee,@jhaybee_0x,-,否,未关注
Abcrypton001,@Abcrypton01,-,否,已关注
高野,@xu81886,-,是,已关注
pingtou Ge,@Angexzon,-,否,未关注
Spring牛马强,@l_ljq94913,-,是,已关注
Timson-eth,@29er29shi29jiu,-,否,未关注
ant,@anteky,-,是,已关注
Ethen(伊森）,@bccdc5,-,是,已关注
Rosic--互fo版本,@san32shier,-,否,未关注
诗妹说媒,@shimei010810,-,是,已关注
alexyui,@alexyui387517,-,是,已关注
Usmy,@usmi_ade,-,否,未关注
光哥web3-互fo,@san35shiwu35,-,否,未关注
Xz,@HelloEast20569,-,是,已关注
0xfelixmeng,@mfanyu17,-,是,已关注
only_onepig,@only_onepig,-,是,已关注
Quick Cloud加速器,@QuickLinkCloud,-,是,已关注
YaO LvAn,@Its_lvann,-,是,已关注
渣男,@jason_sheng19,-,否,未关注
springRIVER Term Max,@spring18185,-,是,已关注
Ou,@Ou4090965513281,-,否,未关注
xux,@web3xux,-,是,已关注
baozong,@baozongBZ,-,是,已关注
猫神矩阵?张无忌,@LZX1666,-,否,未关注
"DONGEN (????? ???) LI,",@Nic26L,-,否,未关注
老康ai分享,@laokangLK,-,否,未关注
POLLEN,@Rolex_Core,-,否,已关注
David Yuan,@davidyuan182838,-,否,未关注
LEI | ETHGas,@LeiYao19,-,否,未关注
FENG QIN,@quzhibin82,-,否,未关注
君,@jun36002320,-,否,未关注
鱼,@HKumar12035,-,否,未关注
Peter Lu,@PeterLu7685,-,否,未关注
Leon Tao,@BRIDGO_LeonTao,-,是,已关注
X Lee,@XLee999671,-,否,未关注
bennix,@bennix82474962,-,是,已关注
YA,@metayazi,-,否,未关注
Christina,@Christi32727099,-,否,未关注
币安一天，人间一年,@Afa168999Afa,-,是,已关注
林炎,@guozhengz12435,-,否,未关注
shanika mayberry,@ynkmycf,-,否,未关注
Robert-J,@WsYGP8WhpgXDWZe,-,是,未关注
Limaximuser,@limaximuser,-,是,已关注
knowledge fortune,@AngelaLCLC,-,是,未关注
老1978_Old Chang1978,@oldchang1978,-,是,已关注
Mongram,@Mongram1022,-,是,未关注
芒果华语,@mongram1024,-,是,未关注
XT-Lily,@XTLILY2025,-,是,未关注
RWA 现实世界资产,@RWAsav42,-,是,未关注
阿布,@GChen18567,-,是,未关注
失眠者,@BryanNg37448873,-,是,已关注
zhaoyang,@chao8vip,-,否,未关注
数字狂徒,@shuzikuangtu,-,是,未关注
Mrli,@li55668899,-,是,已关注
黑金嗨少痞帅毒,@DarkHazzzPrince,-,是,未关注
BigMiaoMiao,@bigmiaomiao1,-,是,已关注
Fei,@Fei714510339248,-,否,未关注
童诩・ BNB,@Cwchati,-,是,已关注
Steven Zhou,@StevenZ62352192,-,是,未关注
Mulight | SENT,@0xMulight,-,是,已关注
Yeli,@Yelio7t4,-,是,未关注
ZKTermMax,@zk0587,-,是,已关注
Musk5520,@lgs5520,-,是,未关注
Jerryreflects,@jerryreflects,-,是,未关注
西方教主(中国),@xifangjiaozhu,-,是,未关注
诺鸭船长,@Noahflame9,-,是,未关注
CryptoGator 小{~,@cryptogator1121,-,是,未关注
上海北京广州深圳杭州,@DianeWard328689,-,是,已关注
广州深圳,@AnneWilson96759,-,是,未关注
